,date,order_code,Face_Masks_Required_in_Public,Source_of_Action,Citation,COUNTYFP,confirmed_cases,index,NEVER,RARELY,SOMETIMES,FREQUENTLY,ALWAYS,rate
0,2020-04-10,1,Yes,Official,"N.J. Exec. Order No. 122 (Apr. 8, 2020)",34003,8928,1775,0.02,0.014,0.053,0.151,0.762,0.0
1,2020-04-11,1,Yes,Official,"N.J. Exec. Order No. 122 (Apr. 8, 2020)",34003,9362,1775,0.02,0.014,0.053,0.151,0.762,0.0
2,2020-04-12,1,Yes,Official,"N.J. Exec. Order No. 122 (Apr. 8, 2020)",34003,9784,1775,0.02,0.014,0.053,0.151,0.762,0.0
3,2020-04-13,1,Yes,Official,"N.J. Exec. Order No.125 (Apr. 11, 2020)",34003,10092,1775,0.02,0.014,0.053,0.151,0.762,0.0
4,2020-04-14,1,Yes,Official,"N.J. Exec. Order No.125 (Apr. 11, 2020)",34003,10426,1775,0.02,0.014,0.053,0.151,0.762,0.0
5,2020-04-15,1,Yes,Official,"N.J. Exec. Order No.125 (Apr. 11, 2020)",34003,10848,1775,0.02,0.014,0.053,0.151,0.762,0.0
6,2020-04-16,1,Yes,Official,"N.J. Exec. Order No.125 (Apr. 11, 2020)",34003,11409,1775,0.02,0.014,0.053,0.151,0.762,0.0
7,2020-04-17,1,Yes,Official,"N.J. Exec. Order No.125 (Apr. 11, 2020)",34003,11863,1775,0.02,0.014,0.053,0.151,0.762,0.0
8,2020-04-18,1,Yes,Official,"N.J. Exec. Order No.125 (Apr. 11, 2020)",34003,12163,1775,0.02,0.014,0.053,0.151,0.762,0.0
9,2020-04-19,1,Yes,Official,"N.J. Exec. Order No.125 (Apr. 11, 2020)",34003,12639,1775,0.02,0.014,0.053,0.151,0.762,1263.9
10,2020-04-20,1,Yes,Official,"N.J. Exec. Order No.125 (Apr. 11, 2020)",34003,13011,1775,0.02,0.014,0.053,0.151,0.762,408.3
11,2020-04-21,1,Yes,Official,"N.J. Exec. Order No.125 (Apr. 11, 2020)",34003,13356,1775,0.02,0.014,0.053,0.151,0.762,399.4
12,2020-04-22,1,Yes,Official,"N.J. Exec. Order No.125 (Apr. 11, 2020)",34003,13686,1775,0.02,0.014,0.053,0.151,0.762,390.2
13,2020-04-23,1,Yes,Official,"N.J. Exec. Order No.125 (Apr. 11, 2020)",34003,14049,1775,0.02,0.014,0.053,0.151,0.762,395.7
14,2020-04-24,1,Yes,Official,"N.J. Exec. Order No.125 (Apr. 11, 2020)",34003,14363,1775,0.02,0.014,0.053,0.151,0.762,393.7
15,2020-04-25,1,Yes,Official,"N.J. Exec. Order No.125 (Apr. 11, 2020)",34003,14738,1775,0.02,0.014,0.053,0.151,0.762,389.0
16,2020-04-26,1,Yes,Official,"N.J. Exec. Order No.125 (Apr. 11, 2020)",34003,14965,1775,0.02,0.014,0.053,0.151,0.762,355.6
17,2020-04-27,1,Yes,Official,"N.J. Exec. Order No.125 (Apr. 11, 2020)",34003,15104,1775,0.02,0.014,0.053,0.151,0.762,324.1
18,2020-04-28,1,Yes,Official,"N.J. Exec. Order No.125 (Apr. 11, 2020)",34003,15251,1775,0.02,0.014,0.053,0.151,0.762,308.8
19,2020-04-29,1,Yes,Official,"N.J. Exec. Order No.125 (Apr. 11, 2020)",34003,15446,1775,0.02,0.014,0.053,0.151,0.762,280.7
20,2020-04-30,1,Yes,Official,"N.J. Exec. Order No.125 (Apr. 11, 2020)",34003,15610,1775,0.02,0.014,0.053,0.151,0.762,259.9
21,2020-05-01,1,Yes,Official,"N.J. Exec. Order No.125 (Apr. 11, 2020)",34003,15832,1775,0.02,0.014,0.053,0.151,0.762,247.6
22,2020-05-02,1,Yes,Official,"N.J. Exec. Order No.125 (Apr. 11, 2020)",34003,15977,1775,0.02,0.014,0.053,0.151,0.762,229.1
23,2020-05-03,1,Yes,Official,"N.J. Exec. Order No.125 (Apr. 11, 2020)",34003,16188,1775,0.02,0.014,0.053,0.151,0.762,213.9
24,2020-05-04,1,Yes,Official,"N.J. Exec. Order No.125 (Apr. 11, 2020)",34003,16289,1775,0.02,0.014,0.053,0.151,0.762,192.6
25,2020-05-05,1,Yes,Official,"N.J. Exec. Order No.125 (Apr. 11, 2020)",34003,16469,1775,0.02,0.014,0.053,0.151,0.762,173.1
26,2020-05-06,1,Yes,Official,"N.J. Exec. Order No.125 (Apr. 11, 2020)",34003,16529,1775,0.02,0.014,0.053,0.151,0.762,156.4
27,2020-05-07,1,Yes,Official,"N.J. Exec. Order No.125 (Apr. 11, 2020)",34003,16620,1775,0.02,0.014,0.053,0.151,0.762,151.6
28,2020-05-08,1,Yes,Official,"N.J. Exec. Order No.125 (Apr. 11, 2020)",34003,16721,1775,0.02,0.014,0.053,0.151,0.762,147.0
29,2020-05-09,1,Yes,Official,"N.J. Exec. Order No.125 (Apr. 11, 2020)",34003,16816,1775,0.02,0.014,0.053,0.151,0.762,137.0
30,2020-05-10,1,Yes,Official,"N.J. Exec. Order No.125 (Apr. 11, 2020)",34003,16941,1775,0.02,0.014,0.053,0.151,0.762,133.1
31,2020-05-11,1,Yes,Official,"N.J. Exec. Order No.125 (Apr. 11, 2020)",34003,17045,1775,0.02,0.014,0.053,0.151,0.762,121.3
32,2020-05-12,1,Yes,Official,"N.J. Exec. Order No.125 (Apr. 11, 2020)",34003,17110,1775,0.02,0.014,0.053,0.151,0.762,113.3
33,2020-05-13,1,Yes,Official,"N.J. Exec. Order No.125 (Apr. 11, 2020)",34003,17171,1775,0.02,0.014,0.053,0.151,0.762,98.3
34,2020-05-14,1,Yes,Official,"N.J. Exec. Order No.125 (Apr. 11, 2020)",34003,17103,1775,0.02,0.014,0.053,0.151,0.762,81.4
35,2020-05-15,1,Yes,Official,"N.J. Exec. Order No.125 (Apr. 11, 2020)",34003,17221,1775,0.02,0.014,0.053,0.151,0.762,75.2
36,2020-05-16,1,Yes,Official,"N.J. Exec. Order No.125 (Apr. 11, 2020)",34003,17272,1775,0.02,0.014,0.053,0.151,0.762,74.3
37,2020-05-17,1,Yes,Official,"N.J. Exec. Order No.125 (Apr. 11, 2020)",34003,17387,1775,0.02,0.014,0.053,0.151,0.762,76.7
38,2020-05-18,1,Yes,Official,"N.J. Exec. Order No.125 (Apr. 11, 2020)",34003,17487,1775,0.02,0.014,0.053,0.151,0.762,76.6
39,2020-05-19,1,Yes,Official,"N.J. Exec. Order No.125 (Apr. 11, 2020)",34003,17553,1775,0.02,0.014,0.053,0.151,0.762,73.7
40,2020-05-20,1,Yes,Official,"N.J. Exec. Order No.125 (Apr. 11, 2020)",34003,17553,1775,0.02,0.014,0.053,0.151,0.762,61.2
41,2020-05-21,1,Yes,Official,"N.J. Exec. Order No.125 (Apr. 11, 2020)",34003,17621,1775,0.02,0.014,0.053,0.151,0.762,57.6
42,2020-05-22,1,Yes,Official,"N.J. Exec. Order No.125 (Apr. 11, 2020)",34003,17698,1775,0.02,0.014,0.053,0.151,0.762,58.8
43,2020-05-23,1,Yes,Official,"N.J. Exec. Order No.125 (Apr. 11, 2020)",34003,17714,1775,0.02,0.014,0.053,0.151,0.762,54.3
44,2020-05-24,1,Yes,Official,"N.J. Exec. Order No.125 (Apr. 11, 2020)",34003,17851,1775,0.02,0.014,0.053,0.151,0.762,74.8
45,2020-05-25,1,Yes,Official,"N.J. Exec. Order No.125 (Apr. 11, 2020)",34003,17949,1775,0.02,0.014,0.053,0.151,0.762,72.8
46,2020-05-26,1,Yes,Official,"N.J. Exec. Order No.125 (Apr. 11, 2020)",34003,18013,1775,0.02,0.014,0.053,0.151,0.762,74.1
47,2020-05-27,1,Yes,Official,"N.J. Exec. Order No.125 (Apr. 11, 2020)",34003,18076,1775,0.02,0.014,0.053,0.151,0.762,68.9
48,2020-05-28,1,Yes,Official,"N.J. Exec. Order No.125 (Apr. 11, 2020)",34003,18217,1775,0.02,0.014,0.053,0.151,0.762,73.0
49,2020-05-29,1,Yes,Official,"N.J. Exec. Order No.125 (Apr. 11, 2020)",34003,18284,1775,0.02,0.014,0.053,0.151,0.762,73.1
50,2020-05-30,1,Yes,Official,"N.J. Exec. Order No.125 (Apr. 11, 2020)",34003,18273,1775,0.02,0.014,0.053,0.151,0.762,72.0
51,2020-05-31,1,Yes,Official,"N.J. Exec. Order No.125 (Apr. 11, 2020)",34003,18334,1775,0.02,0.014,0.053,0.151,0.762,71.3
52,2020-06-01,1,Yes,Official,"N.J. Exec. Order No.125 (Apr. 11, 2020)",34003,18367,1775,0.02,0.014,0.053,0.151,0.762,66.9
53,2020-06-02,1,Yes,Official,"N.J. Exec. Order No.125 (Apr. 11, 2020)",34003,18406,1775,0.02,0.014,0.053,0.151,0.762,69.2
54,2020-06-03,1,Yes,Official,"N.J. Exec. Order No.125 (Apr. 11, 2020)",34003,18451,1775,0.02,0.014,0.053,0.151,0.762,60.0
55,2020-06-04,1,Yes,Official,"N.J. Exec. Order No.125 (Apr. 11, 2020)",34003,18485,1775,0.02,0.014,0.053,0.151,0.762,53.6
56,2020-06-05,1,Yes,Official,"N.J. Exec. Order No.125 (Apr. 11, 2020)",34003,18541,1775,0.02,0.014,0.053,0.151,0.762,52.8
57,2020-06-06,1,Yes,Official,"N.J. Exec. Order No.125 (Apr. 11, 2020)",34003,18573,1775,0.02,0.014,0.053,0.151,0.762,49.7
58,2020-06-07,1,Yes,Official,"N.J. Exec. Order No.125 (Apr. 11, 2020)",34003,18593,1775,0.02,0.014,0.053,0.151,0.762,37.6
59,2020-06-08,1,Yes,Official,"N.J. Exec. Order No.125 (Apr. 11, 2020)",34003,18625,1775,0.02,0.014,0.053,0.151,0.762,34.1
60,2020-06-09,1,Yes,Official,"N.J. Exec. Order No.125 (Apr. 11, 2020)",34003,18662,1775,0.02,0.014,0.053,0.151,0.762,38.9
61,2020-06-10,1,Yes,Official,"N.J. Exec. Order No.125 (Apr. 11, 2020)",34003,18761,1775,0.02,0.014,0.053,0.151,0.762,42.7
62,2020-06-11,1,Yes,Official,"N.J. Exec. Order No.125 (Apr. 11, 2020)",34003,18814,1775,0.02,0.014,0.053,0.151,0.762,44.7
63,2020-06-12,1,Yes,Official,"N.J. Exec. Order No.125 (Apr. 11, 2020)",34003,18840,1775,0.02,0.014,0.053,0.151,0.762,43.4
64,2020-06-13,1,Yes,Official,"N.J. Exec. Order No.125 (Apr. 11, 2020)",34003,18903,1775,0.02,0.014,0.053,0.151,0.762,45.2
65,2020-06-14,1,Yes,Official,"N.J. Exec. Order No.125 (Apr. 11, 2020)",34003,18919,1775,0.02,0.014,0.053,0.151,0.762,43.4
66,2020-06-15,1,Yes,Official,"N.J. Exec. Order No.125 (Apr. 11, 2020)",34003,18949,1775,0.02,0.014,0.053,0.151,0.762,40.8
67,2020-06-16,1,Yes,Official,"N.J. Exec. Order No.125 (Apr. 11, 2020)",34003,19006,1775,0.02,0.014,0.053,0.151,0.762,43.3
68,2020-06-17,1,Yes,Official,"N.J. Exec. Order No.125 (Apr. 11, 2020)",34003,19034,1775,0.02,0.014,0.053,0.151,0.762,44.1
69,2020-06-18,1,Yes,Official,"N.J. Exec. Order No.125 (Apr. 11, 2020)",34003,19059,1775,0.02,0.014,0.053,0.151,0.762,43.4
70,2020-06-19,1,Yes,Official,"N.J. Exec. Order No.125 (Apr. 11, 2020)",34003,19080,1775,0.02,0.014,0.053,0.151,0.762,41.8
71,2020-06-20,1,Yes,Official,"N.J. Exec. Order No.125 (Apr. 11, 2020)",34003,19112,1775,0.02,0.014,0.053,0.151,0.762,35.1
72,2020-06-21,1,Yes,Official,"N.J. Exec. Order No.125 (Apr. 11, 2020)",34003,19126,1775,0.02,0.014,0.053,0.151,0.762,31.2
73,2020-06-22,1,Yes,Official,"N.J. Exec. Order No.125 (Apr. 11, 2020)",34003,19158,1775,0.02,0.014,0.053,0.151,0.762,31.8
74,2020-06-23,1,Yes,Official,"N.J. Exec. Order No.125 (Apr. 11, 2020)",34003,19200,1775,0.02,0.014,0.053,0.151,0.762,29.7
75,2020-06-24,1,Yes,Official,"N.J. Exec. Order No.125 (Apr. 11, 2020)",34003,19232,1775,0.02,0.014,0.053,0.151,0.762,31.3
76,2020-06-25,1,Yes,Official,"N.J. Exec. Order No.125 (Apr. 11, 2020)",34003,19307,1775,0.02,0.014,0.053,0.151,0.762,35.8
77,2020-06-26,1,Yes,Official,"N.J. Exec. Order No.157 (June 26, 2020)",34003,19408,1775,0.02,0.014,0.053,0.151,0.762,40.2
78,2020-06-27,1,Yes,Official,"N.J. Exec. Order No.157 (June 26, 2020)",34003,19422,1775,0.02,0.014,0.053,0.151,0.762,38.8
79,2020-06-28,1,Yes,Official,"N.J. Exec. Order No.157 (June 26, 2020)",34003,19501,1775,0.02,0.014,0.053,0.151,0.762,44.2
80,2020-06-29,1,Yes,Official,"N.J. Exec. Order No.157 (June 26, 2020)",34003,19525,1775,0.02,0.014,0.053,0.151,0.762,44.5
81,2020-06-30,1,Yes,Official,"N.J. Exec. Order No.157 (June 26, 2020)",34003,19579,1775,0.02,0.014,0.053,0.151,0.762,46.7
82,2020-07-01,1,Yes,Official,"N.J. Exec. Order No.157 (June 26, 2020)",34003,19603,1775,0.02,0.014,0.053,0.151,0.762,47.7
83,2020-07-02,1,Yes,Official,"N.J. Exec. Order No.157 (June 26, 2020)",34003,19639,1775,0.02,0.014,0.053,0.151,0.762,48.1
84,2020-07-03,1,Yes,Official,"N.J. Exec. Order No.157 (June 26, 2020)",34003,19702,1775,0.02,0.014,0.053,0.151,0.762,50.2
85,2020-07-04,1,Yes,Official,"N.J. Exec. Order No.157 (June 26, 2020)",34003,19732,1775,0.02,0.014,0.053,0.151,0.762,50.0
86,2020-07-05,1,Yes,Official,"N.J. Exec. Order No.157 (June 26, 2020)",34003,19796,1775,0.02,0.014,0.053,0.151,0.762,48.9
87,2020-07-06,1,Yes,Official,"N.J. Exec. Order No.157 (June 26, 2020)",34003,19828,1775,0.02,0.014,0.053,0.151,0.762,42.0
88,2020-07-07,1,Yes,Official,"N.J. Exec. Order No.157 (June 26, 2020)",34003,19854,1775,0.02,0.014,0.053,0.151,0.762,43.2
89,2020-07-08,1,Yes,Official,"N. J. Exec. Order 163 (July 8, 2020)",34003,19913,1775,0.02,0.014,0.053,0.151,0.762,41.2
90,2020-07-09,1,Yes,Official,"N. J. Exec. Order 163 (July 8, 2020)",34003,19955,1775,0.02,0.014,0.053,0.151,0.762,43.0
91,2020-07-10,1,Yes,Official,"N. J. Exec. Order 163 (July 8, 2020)",34003,20017,1775,0.02,0.014,0.053,0.151,0.762,43.8
92,2020-07-11,1,Yes,Official,"N. J. Exec. Order 163 (July 8, 2020)",34003,20041,1775,0.02,0.014,0.053,0.151,0.762,43.8
93,2020-07-12,1,Yes,Official,"N. J. Exec. Order 163 (July 8, 2020)",34003,20067,1775,0.02,0.014,0.053,0.151,0.762,42.8
94,2020-07-13,1,Yes,Official,"N. J. Exec. Order 163 (July 8, 2020)",34003,20094,1775,0.02,0.014,0.053,0.151,0.762,39.2
95,2020-07-14,1,Yes,Official,"N. J. Exec. Order 163 (July 8, 2020)",34003,20113,1775,0.02,0.014,0.053,0.151,0.762,38.1
96,2020-07-15,1,Yes,Official,"N. J. Exec. Order 163 (July 8, 2020)",34003,20140,1775,0.02,0.014,0.053,0.151,0.762,34.4
97,2020-07-16,1,Yes,Official,"N. J. Exec. Order 163 (July 8, 2020)",34003,20168,1775,0.02,0.014,0.053,0.151,0.762,34.0
98,2020-07-17,1,Yes,Official,"N. J. Exec. Order 163 (July 8, 2020)",34003,20191,1775,0.02,0.014,0.053,0.151,0.762,33.7
99,2020-07-18,1,Yes,Official,"N. J. Exec. Order 163 (July 8, 2020)",34003,20206,1775,0.02,0.014,0.053,0.151,0.762,29.3
100,2020-07-19,1,Yes,Official,"N. J. Exec. Order 163 (July 8, 2020)",34003,20209,1775,0.02,0.014,0.053,0.151,0.762,25.4
101,2020-07-20,1,Yes,Official,"N. J. Exec. Order 163 (July 8, 2020)",34003,20271,1775,0.02,0.014,0.053,0.151,0.762,25.4
102,2020-07-21,1,Yes,Official,"N. J. Exec. Order 163 (July 8, 2020)",34003,20296,1775,0.02,0.014,0.053,0.151,0.762,25.5
103,2020-07-22,1,Yes,Official,"N. J. Exec. Order 163 (July 8, 2020)",34003,20350,1775,0.02,0.014,0.053,0.151,0.762,28.3
104,2020-07-23,1,Yes,Official,"N. J. Exec. Order 163 (July 8, 2020)",34003,20391,1775,0.02,0.014,0.053,0.151,0.762,29.7
105,2020-07-24,1,Yes,Official,"N. J. Exec. Order 163 (July 8, 2020)",34003,20421,1775,0.02,0.014,0.053,0.151,0.762,30.8
106,2020-07-25,1,Yes,Official,"N. J. Exec. Order 163 (July 8, 2020)",34003,20454,1775,0.02,0.014,0.053,0.151,0.762,31.4
107,2020-07-26,1,Yes,Official,"N. J. Exec. Order 163 (July 8, 2020)",34003,20495,1775,0.02,0.014,0.053,0.151,0.762,32.7
108,2020-07-27,1,Yes,Official,"N. J. Exec. Order 163 (July 8, 2020)",34003,20554,1775,0.02,0.014,0.053,0.151,0.762,36.3
109,2020-07-28,1,Yes,Official,"N. J. Exec. Order 163 (July 8, 2020)",34003,20619,1775,0.02,0.014,0.053,0.151,0.762,41.3
110,2020-07-29,1,Yes,Official,"N. J. Exec. Order 163 (July 8, 2020)",34003,20675,1775,0.02,0.014,0.053,0.151,0.762,46.6
111,2020-07-30,1,Yes,Official,"N. J. Exec. Order 163 (July 8, 2020)",34003,20700,1775,0.02,0.014,0.053,0.151,0.762,42.9
112,2020-07-31,1,Yes,Official,"N. J. Exec. Order 163 (July 8, 2020)",34003,20769,1775,0.02,0.014,0.053,0.151,0.762,47.3
113,2020-08-01,1,Yes,Official,"N. J. Exec. Order 163 (July 8, 2020)",34003,20793,1775,0.02,0.014,0.053,0.151,0.762,44.3
114,2020-08-02,1,Yes,Official,"N. J. Exec. Order 163 (July 8, 2020)",34003,20821,1775,0.02,0.014,0.053,0.151,0.762,43.0
115,2020-08-03,1,Yes,Official,"N. J. Exec. Order 163 (July 8, 2020)",34003,20857,1775,0.02,0.014,0.053,0.151,0.762,43.6
116,2020-08-04,1,Yes,Official,"N. J. Exec. Order 163 (July 8, 2020)",34003,20918,1775,0.02,0.014,0.053,0.151,0.762,46.4
117,2020-08-05,1,Yes,Official,"N. J. Exec. Order 163 (July 8, 2020)",34003,20950,1775,0.02,0.014,0.053,0.151,0.762,45.5
118,2020-08-06,1,Yes,Official,"N. J. Exec. Order 163 (July 8, 2020)",34003,20985,1775,0.02,0.014,0.053,0.151,0.762,43.1
119,2020-08-07,1,Yes,Official,"N. J. Exec. Order 163 (July 8, 2020)",34003,21014,1775,0.02,0.014,0.053,0.151,0.762,39.5
120,2020-08-08,1,Yes,Official,"N. J. Exec. Order 163 (July 8, 2020)",34003,21075,1775,0.02,0.014,0.053,0.151,0.762,40.0
121,2020-08-09,1,Yes,Official,"N. J. Exec. Order 163 (July 8, 2020)",34003,21120,1775,0.02,0.014,0.053,0.151,0.762,42.0
122,2020-08-10,1,Yes,Official,"N. J. Exec. Order 163 (July 8, 2020)",34003,21159,1775,0.02,0.014,0.053,0.151,0.762,39.0
123,2020-08-11,1,Yes,Official,"N. J. Exec. Order 163 (July 8, 2020)",34003,21202,1775,0.02,0.014,0.053,0.151,0.762,40.9
124,2020-08-12,1,Yes,Official,"N. J. Exec. Order 163 (July 8, 2020)",34003,21241,1775,0.02,0.014,0.053,0.151,0.762,42.0
125,2020-08-13,1,Yes,Official,"N. J. Exec. Order 163 (July 8, 2020)",34003,21285,1775,0.02,0.014,0.053,0.151,0.762,42.8
126,2020-08-14,1,Yes,Official,"N. J. Exec. Order 163 (July 8, 2020)",34003,21406,1775,0.02,0.014,0.053,0.151,0.762,48.8
127,2020-08-15,1,Yes,Official,"N. J. Exec. Order 163 (July 8, 2020)",34003,21471,1775,0.02,0.014,0.053,0.151,0.762,52.1
128,2020-08-16,1,Yes,Official,"N. J. Exec. Order 163 (July 8, 2020)",34003,21548,1775,0.02,0.014,0.053,0.151,0.762,56.3
129,2020-08-17,1,Yes,Official,"N. J. Exec. Order 163 (July 8, 2020)",34003,21635,1775,0.02,0.014,0.053,0.151,0.762,62.1
130,2020-08-18,1,Yes,Official,"N. J. Exec. Order 163 (July 8, 2020)",34003,21664,1775,0.02,0.014,0.053,0.151,0.762,58.9
131,2020-08-19,1,Yes,Official,"N. J. Exec. Order 163 (July 8, 2020)",34003,21671,1775,0.02,0.014,0.053,0.151,0.762,55.1
132,2020-08-20,1,Yes,Official,"N. J. Exec. Order 163 (July 8, 2020)",34003,21631,1775,0.02,0.014,0.053,0.151,0.762,47.2
133,2020-08-21,1,Yes,Official,"N. J. Exec. Order 163 (July 8, 2020)",34003,21652,1775,0.02,0.014,0.053,0.151,0.762,45.0
134,2020-08-22,1,Yes,Official,"N. J. Exec. Order 163 (July 8, 2020)",34003,21687,1775,0.02,0.014,0.053,0.151,0.762,44.6
135,2020-08-23,1,Yes,Official,"N. J. Exec. Order 163 (July 8, 2020)",34003,21697,1775,0.02,0.014,0.053,0.151,0.762,41.2
136,2020-08-24,1,Yes,Official,"N. J. Exec. Order 163 (July 8, 2020)",34003,21732,1775,0.02,0.014,0.053,0.151,0.762,32.6
137,2020-08-25,1,Yes,Official,"N. J. Exec. Order 163 (July 8, 2020)",34003,21782,1775,0.02,0.014,0.053,0.151,0.762,31.1
138,2020-08-26,1,Yes,Official,"N. J. Exec. Order 163 (July 8, 2020)",34003,21827,1775,0.02,0.014,0.053,0.151,0.762,27.9
139,2020-08-27,1,Yes,Official,"N. J. Exec. Order 163 (July 8, 2020)",34003,21849,1775,0.02,0.014,0.053,0.151,0.762,21.4
140,2020-08-28,1,Yes,Official,"N. J. Exec. Order 163 (July 8, 2020)",34003,21872,1775,0.02,0.014,0.053,0.151,0.762,20.8
141,2020-08-29,1,Yes,Official,"N. J. Exec. Order 163 (July 8, 2020)",34003,21920,1775,0.02,0.014,0.053,0.151,0.762,24.9
142,2020-08-30,1,Yes,Official,"N. J. Exec. Order 163 (July 8, 2020)",34003,21957,1775,0.02,0.014,0.053,0.151,0.762,32.6
143,2020-08-31,1,Yes,Official,"N. J. Exec. Order 163 (July 8, 2020)",34003,22004,1775,0.02,0.014,0.053,0.151,0.762,35.2
144,2020-09-01,1,Yes,Official,"N. J. Exec. Order 163 (July 8, 2020)",34003,22074,1775,0.02,0.014,0.053,0.151,0.762,38.7
145,2020-09-02,1,Yes,Official,"N. J. Exec. Order 163 (July 8, 2020)",34003,22104,1775,0.02,0.014,0.053,0.151,0.762,40.7
146,2020-09-03,1,Yes,Official,"N. J. Exec. Order 163 (July 8, 2020)",34003,22141,1775,0.02,0.014,0.053,0.151,0.762,40.9
147,2020-09-04,1,Yes,Official,"N. J. Exec. Order 163 (July 8, 2020)",34003,22174,1775,0.02,0.014,0.053,0.151,0.762,39.2
148,2020-09-05,1,Yes,Official,"N. J. Exec. Order 163 (July 8, 2020)",34003,22178,1775,0.02,0.014,0.053,0.151,0.762,35.1
149,2020-09-06,1,Yes,Official,"N. J. Exec. Order 163 (July 8, 2020)",34003,22211,1775,0.02,0.014,0.053,0.151,0.762,36.2
150,2020-09-07,1,Yes,Official,"N. J. Exec. Order 163 (July 8, 2020)",34003,22243,1775,0.02,0.014,0.053,0.151,0.762,37.1
151,2020-09-08,1,Yes,Official,"N. J. Exec. Order 163 (July 8, 2020)",34003,22278,1775,0.02,0.014,0.053,0.151,0.762,35.8
152,2020-09-09,1,Yes,Official,"N. J. Exec. Order 163 (July 8, 2020)",34003,22308,1775,0.02,0.014,0.053,0.151,0.762,35.1
153,2020-09-10,1,Yes,Official,"N. J. Exec. Order 163 (July 8, 2020)",34003,22332,1775,0.02,0.014,0.053,0.151,0.762,32.8
154,2020-09-11,1,Yes,Official,"N. J. Exec. Order 163 (July 8, 2020)",34003,22369,1775,0.02,0.014,0.053,0.151,0.762,29.5
155,2020-09-12,1,Yes,Official,"N. J. Exec. Order 163 (July 8, 2020)",34003,22385,1775,0.02,0.014,0.053,0.151,0.762,28.1
156,2020-09-13,1,Yes,Official,"N. J. Exec. Order 163 (July 8, 2020)",34003,22424,1775,0.02,0.014,0.053,0.151,0.762,28.3
157,2020-09-14,1,Yes,Official,"N. J. Exec. Order 163 (July 8, 2020)",34003,22457,1775,0.02,0.014,0.053,0.151,0.762,28.3
158,2020-09-15,1,Yes,Official,"N. J. Exec. Order 163 (July 8, 2020)",34003,22467,1775,0.02,0.014,0.053,0.151,0.762,28.9
159,2020-09-16,1,Yes,Official,"N. J. Exec. Order 163 (July 8, 2020)",34003,22501,1775,0.02,0.014,0.053,0.151,0.762,29.0
160,2020-09-17,1,Yes,Official,"N. J. Exec. Order 163 (July 8, 2020)",34003,22564,1775,0.02,0.014,0.053,0.151,0.762,32.1
161,2020-09-18,1,Yes,Official,"N. J. Exec. Order 163 (July 8, 2020)",34003,22598,1775,0.02,0.014,0.053,0.151,0.762,32.0
162,2020-09-19,1,Yes,Official,"N. J. Exec. Order 163 (July 8, 2020)",34003,22624,1775,0.02,0.014,0.053,0.151,0.762,31.6
163,2020-09-20,1,Yes,Official,"N. J. Exec. Order 163 (July 8, 2020)",34003,22648,1775,0.02,0.014,0.053,0.151,0.762,31.6
164,2020-09-21,1,Yes,Official,"N. J. Exec. Order 163 (July 8, 2020)",34003,22686,1775,0.02,0.014,0.053,0.151,0.762,31.7
165,2020-09-22,1,Yes,Official,"N. J. Exec. Order 163 (July 8, 2020)",34003,22748,1775,0.02,0.014,0.053,0.151,0.762,36.3
166,2020-09-23,1,Yes,Official,"N. J. Exec. Order 163 (July 8, 2020)",34003,22780,1775,0.02,0.014,0.053,0.151,0.762,35.6
167,2020-09-24,1,Yes,Official,"N. J. Exec. Order 163 (July 8, 2020)",34003,22818,1775,0.02,0.014,0.053,0.151,0.762,36.1
168,2020-09-25,1,Yes,Official,"N. J. Exec. Order 163 (July 8, 2020)",34003,22847,1775,0.02,0.014,0.053,0.151,0.762,38.0
169,2020-09-26,1,Yes,Official,"N. J. Exec. Order 163 (July 8, 2020)",34003,22883,1775,0.02,0.014,0.053,0.151,0.762,38.2
170,2020-09-27,1,Yes,Official,"N. J. Exec. Order 163 (July 8, 2020)",34003,22931,1775,0.02,0.014,0.053,0.151,0.762,36.7
171,2020-09-28,1,Yes,Official,"N. J. Exec. Order 163 (July 8, 2020)",34003,22975,1775,0.02,0.014,0.053,0.151,0.762,37.7
172,2020-09-29,1,Yes,Official,"N. J. Exec. Order 163 (July 8, 2020)",34003,23014,1775,0.02,0.014,0.053,0.151,0.762,39.0
173,2020-09-30,1,Yes,Official,"N. J. Exec. Order 163 (July 8, 2020)",34003,23061,1775,0.02,0.014,0.053,0.151,0.762,41.3
174,2020-10-01,1,Yes,Official,"N. J. Exec. Order 163 (July 8, 2020)",34003,23133,1775,0.02,0.014,0.053,0.151,0.762,44.7
175,2020-10-02,1,Yes,Official,"N. J. Exec. Order 163 (July 8, 2020)",34003,23191,1775,0.02,0.014,0.053,0.151,0.762,44.3
176,2020-10-03,1,Yes,Official,"N. J. Exec. Order 163 (July 8, 2020)",34003,23256,1775,0.02,0.014,0.053,0.151,0.762,47.6
177,2020-10-04,1,Yes,Official,"N. J. Exec. Order 163 (July 8, 2020)",34003,23300,1775,0.02,0.014,0.053,0.151,0.762,48.2
178,2020-10-05,1,Yes,Official,"N. J. Exec. Order 163 (July 8, 2020)",34003,23345,1775,0.02,0.014,0.053,0.151,0.762,49.8
179,2020-10-06,1,Yes,Official,"N. J. Exec. Order 163 (July 8, 2020)",34003,23408,1775,0.02,0.014,0.053,0.151,0.762,52.5
180,2020-10-07,1,Yes,Official,"N. J. Exec. Order 163 (July 8, 2020)",34003,23469,1775,0.02,0.014,0.053,0.151,0.762,53.8
181,2020-10-08,1,Yes,Official,"N. J. Exec. Order 163 (July 8, 2020)",34003,23561,1775,0.02,0.014,0.053,0.151,0.762,58.6
182,2020-10-09,1,Yes,Official,"N. J. Exec. Order 163 (July 8, 2020)",34003,23640,1775,0.02,0.014,0.053,0.151,0.762,62.6
183,2020-10-10,1,Yes,Official,"N. J. Exec. Order 163 (July 8, 2020)",34003,23721,1775,0.02,0.014,0.053,0.151,0.762,66.0
184,2020-10-11,1,Yes,Official,"N. J. Exec. Order 163 (July 8, 2020)",34003,23791,1775,0.02,0.014,0.053,0.151,0.762,65.8
185,2020-10-12,1,Yes,Official,"N. J. Exec. Order 163 (July 8, 2020)",34003,23852,1775,0.02,0.014,0.053,0.151,0.762,66.1
186,2020-10-13,1,Yes,Official,"N. J. Exec. Order 163 (July 8, 2020)",34003,23964,1775,0.02,0.014,0.053,0.151,0.762,70.8
187,2020-10-14,1,Yes,Official,"N. J. Exec. Order 163 (July 8, 2020)",34003,24048,1775,0.02,0.014,0.053,0.151,0.762,74.8
188,2020-10-15,1,Yes,Official,"N. J. Exec. Order 163 (July 8, 2020)",34003,24177,1775,0.02,0.014,0.053,0.151,0.762,83.2
189,2020-10-16,1,Yes,Official,"N. J. Exec. Order 163 (July 8, 2020)",34003,24269,1775,0.02,0.014,0.053,0.151,0.762,86.1
190,2020-10-17,1,Yes,Official,"N. J. Exec. Order 163 (July 8, 2020)",34003,24359,1775,0.02,0.014,0.053,0.151,0.762,89.0
191,2020-10-18,1,Yes,Official,"N. J. Exec. Order 163 (July 8, 2020)",34003,24476,1775,0.02,0.014,0.053,0.151,0.762,91.5
192,2020-10-19,1,Yes,Official,"N. J. Exec. Order 163 (July 8, 2020)",34003,24609,1775,0.02,0.014,0.053,0.151,0.762,96.9
193,2020-10-20,1,Yes,Official,"N. J. Exec. Order 163 (July 8, 2020)",34003,24741,1775,0.02,0.014,0.053,0.151,0.762,102.0
194,2020-10-21,1,Yes,Official,"N. J. Exec. Order 163 (July 8, 2020)",34003,24883,1775,0.02,0.014,0.053,0.151,0.762,109.2
195,2020-10-22,1,Yes,Official,"N. J. Exec. Order 163 (July 8, 2020)",34003,25013,1775,0.02,0.014,0.053,0.151,0.762,116.1
196,2020-10-23,1,Yes,Official,"N. J. Exec. Order 163 (July 8, 2020)",34003,25123,1775,0.02,0.014,0.053,0.151,0.762,115.9
197,2020-10-24,1,Yes,Official,"N. J. Exec. Order 163 (July 8, 2020)",34003,25307,1775,0.02,0.014,0.053,0.151,0.762,125.9
198,2020-10-25,1,Yes,Official,"N. J. Exec. Order 163 (July 8, 2020)",34003,25447,1775,0.02,0.014,0.053,0.151,0.762,127.0
199,2020-10-26,1,Yes,Official,"N. J. Exec. Order 163 (July 8, 2020)",34003,25602,1775,0.02,0.014,0.053,0.151,0.762,133.3
200,2020-10-27,1,Yes,Official,"N. J. Exec. Order 163 (July 8, 2020)",34003,25776,1775,0.02,0.014,0.053,0.151,0.762,141.7
201,2020-10-28,1,Yes,Official,"N. J. Exec. Order 163 (July 8, 2020)",34003,25907,1775,0.02,0.014,0.053,0.151,0.762,143.1
202,2020-10-29,1,Yes,Official,"N. J. Exec. Order 163 (July 8, 2020)",34003,26072,1775,0.02,0.014,0.053,0.151,0.762,146.3
203,2020-10-30,1,Yes,Official,"N. J. Exec. Order 163 (July 8, 2020)",34003,26307,1775,0.02,0.014,0.053,0.151,0.762,156.6
204,2020-10-31,1,Yes,Official,"N. J. Exec. Order 163 (July 8, 2020)",34003,26467,1775,0.02,0.014,0.053,0.151,0.762,158.4
205,2020-11-01,1,Yes,Official,"N. J. Exec. Order 163 (July 8, 2020)",34003,26660,1775,0.02,0.014,0.053,0.151,0.762,164.7
206,2020-11-02,1,Yes,Official,"N. J. Exec. Order 163 (July 8, 2020)",34003,26851,1775,0.02,0.014,0.053,0.151,0.762,172.8
207,2020-11-03,1,Yes,Official,"N. J. Exec. Order 163 (July 8, 2020)",34003,27075,1775,0.02,0.014,0.053,0.151,0.762,176.8
208,2020-11-04,1,Yes,Official,"N. J. Exec. Order 163 (July 8, 2020)",34003,27325,1775,0.02,0.014,0.053,0.151,0.762,187.8
209,2020-11-05,1,Yes,Official,"N. J. Exec. Order 163 (July 8, 2020)",34003,27479,1775,0.02,0.014,0.053,0.151,0.762,187.7
210,2020-11-06,1,Yes,Official,"N. J. Exec. Order 163 (July 8, 2020)",34003,27743,1775,0.02,0.014,0.053,0.151,0.762,196.7
211,2020-11-07,1,Yes,Official,"N. J. Exec. Order 163 (July 8, 2020)",34003,28113,1775,0.02,0.014,0.053,0.151,0.762,220.6
212,2020-11-08,1,Yes,Official,"N. J. Exec. Order 163 (July 8, 2020)",34003,28366,1775,0.02,0.014,0.053,0.151,0.762,229.4
213,2020-11-09,1,Yes,Official,"N. J. Exec. Order 163 (July 8, 2020)",34003,28565,1775,0.02,0.014,0.053,0.151,0.762,225.8
214,2020-11-10,1,Yes,Official,"N. J. Exec. Order 163 (July 8, 2020)",34003,28931,1775,0.02,0.014,0.053,0.151,0.762,246.4
215,2020-11-11,1,Yes,Official,"N. J. Exec. Order 163 (July 8, 2020)",34003,29295,1775,0.02,0.014,0.053,0.151,0.762,263.5
216,2020-11-12,1,Yes,Official,"N. J. Exec. Order 163 (July 8, 2020)",34003,29747,1775,0.02,0.014,0.053,0.151,0.762,289.6
217,2020-11-13,1,Yes,Official,"N. J. Exec. Order 163 (July 8, 2020)",34003,30140,1775,0.02,0.014,0.053,0.151,0.762,306.5
218,2020-11-14,1,Yes,Official,"N. J. Exec. Order 163 (July 8, 2020)",34003,30566,1775,0.02,0.014,0.053,0.151,0.762,324.1
219,2020-11-15,1,Yes,Official,"N. J. Exec. Order 163 (July 8, 2020)",34003,31013,1775,0.02,0.014,0.053,0.151,0.762,353.4
220,2020-11-16,1,Yes,Official,"N. J. Exec. Order 163 (July 8, 2020)",34003,31273,1775,0.02,0.014,0.053,0.151,0.762,353.0
221,2020-11-17,1,Yes,Official,"N. J. Exec. Order 163 (July 8, 2020)",34003,31751,1775,0.02,0.014,0.053,0.151,0.762,363.8
222,2020-11-18,1,Yes,Official,"N. J. Exec. Order 163 (July 8, 2020)",34003,32223,1775,0.02,0.014,0.053,0.151,0.762,385.7
223,2020-11-19,1,Yes,Official,"N. J. Exec. Order 163 (July 8, 2020)",34003,32722,1775,0.02,0.014,0.053,0.151,0.762,415.7
224,2020-11-20,1,Yes,Official,"N. J. Exec. Order 163 (July 8, 2020)",34003,33120,1775,0.02,0.014,0.053,0.151,0.762,418.9
225,2020-11-21,1,Yes,Official,"N. J. Exec. Order 163 (July 8, 2020)",34003,33599,1775,0.02,0.014,0.053,0.151,0.762,430.4
226,2020-11-22,1,Yes,Official,"N. J. Exec. Order 163 (July 8, 2020)",34003,34049,1775,0.02,0.014,0.053,0.151,0.762,430.2
227,2020-11-23,1,Yes,Official,"N. J. Exec. Order 163 (July 8, 2020)",34003,34496,1775,0.02,0.014,0.053,0.151,0.762,435.6
228,2020-11-24,1,Yes,Official,"N. J. Exec. Order 163 (July 8, 2020)",34003,34913,1775,0.02,0.014,0.053,0.151,0.762,434.7
229,2020-11-25,1,Yes,Official,"N. J. Exec. Order 163 (July 8, 2020)",34003,35313,1775,0.02,0.014,0.053,0.151,0.762,430.0
230,2020-11-26,1,Yes,Official,"N. J. Exec. Order 163 (July 8, 2020)",34003,35769,1775,0.02,0.014,0.053,0.151,0.762,449.6
231,2020-11-27,1,Yes,Official,"N. J. Exec. Order 163 (July 8, 2020)",34003,36374,1775,0.02,0.014,0.053,0.151,0.762,462.3
232,2020-11-28,1,Yes,Official,"N. J. Exec. Order 163 (July 8, 2020)",34003,36626,1775,0.02,0.014,0.053,0.151,0.762,440.3
233,2020-11-29,1,Yes,Official,"N. J. Exec. Order 163 (July 8, 2020)",34003,37190,1775,0.02,0.014,0.053,0.151,0.762,446.8
234,2020-11-30,1,Yes,Official,"N. J. Exec. Order 163 (July 8, 2020)",34003,37566,1775,0.02,0.014,0.053,0.151,0.762,444.6
235,2020-12-01,1,Yes,Official,"N. J. Exec. Order 163 (July 8, 2020)",34003,38119,1775,0.02,0.014,0.053,0.151,0.762,452.0
236,2020-12-02,1,Yes,Official,"N. J. Exec. Order 163 (July 8, 2020)",34003,38589,1775,0.02,0.014,0.053,0.151,0.762,454.0
237,2020-12-03,1,Yes,Official,"N. J. Exec. Order 163 (July 8, 2020)",34003,39176,1775,0.02,0.014,0.053,0.151,0.762,468.0
238,2020-12-04,1,Yes,Official,"N. J. Exec. Order 163 (July 8, 2020)",34003,39855,1775,0.02,0.014,0.053,0.151,0.762,494.2
239,2020-12-05,1,Yes,Official,"N. J. Exec. Order 163 (July 8, 2020)",34003,40454,1775,0.02,0.014,0.053,0.151,0.762,514.1
240,2020-12-06,1,Yes,Official,"N. J. Exec. Order 163 (July 8, 2020)",34003,41057,1775,0.02,0.014,0.053,0.151,0.762,528.8
241,2020-12-07,1,Yes,Official,"N. J. Exec. Order 163 (July 8, 2020)",34003,41488,1775,0.02,0.014,0.053,0.151,0.762,511.4
242,2020-12-08,1,Yes,Official,"N. J. Exec. Order 163 (July 8, 2020)",34003,41936,1775,0.02,0.014,0.053,0.151,0.762,531.0
243,2020-12-09,1,Yes,Official,"N. J. Exec. Order 163 (July 8, 2020)",34003,42304,1775,0.02,0.014,0.053,0.151,0.762,511.4
244,2020-12-10,1,Yes,Official,"N. J. Exec. Order 163 (July 8, 2020)",34003,42830,1775,0.02,0.014,0.053,0.151,0.762,526.4
245,2020-12-11,1,Yes,Official,"N. J. Exec. Order 163 (July 8, 2020)",34003,43183,1775,0.02,0.014,0.053,0.151,0.762,506.4
246,2020-12-12,1,Yes,Official,"N. J. Exec. Order 163 (July 8, 2020)",34003,43756,1775,0.02,0.014,0.053,0.151,0.762,516.7
247,2020-12-13,1,Yes,Official,"N. J. Exec. Order 163 (July 8, 2020)",34003,44174,1775,0.02,0.014,0.053,0.151,0.762,499.8
248,2020-12-14,1,Yes,Official,"N. J. Exec. Order 163 (July 8, 2020)",34003,44644,1775,0.02,0.014,0.053,0.151,0.762,478.9
249,2020-12-15,1,Yes,Official,"N. J. Exec. Order 163 (July 8, 2020)",34003,45042,1775,0.02,0.014,0.053,0.151,0.762,458.8
250,2020-12-16,1,Yes,Official,"N. J. Exec. Order 163 (July 8, 2020)",34003,45542,1775,0.02,0.014,0.053,0.151,0.762,448.5
251,2020-12-17,1,Yes,Official,"N. J. Exec. Order 163 (July 8, 2020)",34003,45945,1775,0.02,0.014,0.053,0.151,0.762,445.7
252,2020-12-18,1,Yes,Official,"N. J. Exec. Order 163 (July 8, 2020)",34003,46404,1775,0.02,0.014,0.053,0.151,0.762,446.8
253,2020-12-19,1,Yes,Official,"N. J. Exec. Order 163 (July 8, 2020)",34003,46822,1775,0.02,0.014,0.053,0.151,0.762,451.8
254,2020-12-20,1,Yes,Official,"N. J. Exec. Order 163 (July 8, 2020)",34003,47246,1775,0.02,0.014,0.053,0.151,0.762,441.6
255,2020-12-21,1,Yes,Official,"N. J. Exec. Order 163 (July 8, 2020)",34003,47572,1775,0.02,0.014,0.053,0.151,0.762,438.9
256,2020-12-22,1,Yes,Official,"N. J. Exec. Order 163 (July 8, 2020)",34003,47998,1775,0.02,0.014,0.053,0.151,0.762,424.2
257,2020-12-23,1,Yes,Official,"N. J. Exec. Order 163 (July 8, 2020)",34003,48530,1775,0.02,0.014,0.053,0.151,0.762,435.6
258,2020-12-24,1,Yes,Official,"N. J. Exec. Order 163 (July 8, 2020)",34003,49033,1775,0.02,0.014,0.053,0.151,0.762,438.9
259,2020-12-25,1,Yes,Official,"N. J. Exec. Order 163 (July 8, 2020)",34003,49507,1775,0.02,0.014,0.053,0.151,0.762,446.5
260,2020-12-26,1,Yes,Official,"N. J. Exec. Order 163 (July 8, 2020)",34003,49861,1775,0.02,0.014,0.053,0.151,0.762,431.9
261,2020-12-27,1,Yes,Official,"N. J. Exec. Order 163 (July 8, 2020)",34003,50131,1775,0.02,0.014,0.053,0.151,0.762,418.6
262,2020-12-28,1,Yes,Official,"N. J. Exec. Order 163 (July 8, 2020)",34003,50477,1775,0.02,0.014,0.053,0.151,0.762,407.3
263,2020-12-29,1,Yes,Official,"N. J. Exec. Order 163 (July 8, 2020)",34003,50873,1775,0.02,0.014,0.053,0.151,0.762,405.1
264,2020-12-30,1,Yes,Official,"N. J. Exec. Order 163 (July 8, 2020)",34003,51370,1775,0.02,0.014,0.053,0.151,0.762,412.4
265,2020-12-31,1,Yes,Official,"N. J. Exec. Order 163 (July 8, 2020)",34003,51958,1775,0.02,0.014,0.053,0.151,0.762,438.6
266,2021-01-01,1,Yes,Official,"N. J. Exec. Order 163 (July 8, 2020)",34003,52473,1775,0.02,0.014,0.053,0.151,0.762,447.5
267,2021-01-02,1,Yes,Official,"N. J. Exec. Order 163 (July 8, 2020)",34003,52958,1775,0.02,0.014,0.053,0.151,0.762,442.8
268,2021-01-03,1,Yes,Official,"N. J. Exec. Order 163 (July 8, 2020)",34003,53316,1775,0.02,0.014,0.053,0.151,0.762,428.3
269,2021-01-04,1,Yes,Official,"N. J. Exec. Order 163 (July 8, 2020)",34003,53605,1775,0.02,0.014,0.053,0.151,0.762,409.8
270,2021-01-05,1,Yes,Official,"N. J. Exec. Order 163 (July 8, 2020)",34003,54137,1775,0.02,0.014,0.053,0.151,0.762,427.6
271,2021-01-06,1,Yes,Official,"N. J. Exec. Order 163 (July 8, 2020)",34003,54754,1775,0.02,0.014,0.053,0.151,0.762,462.3
272,2021-01-07,1,Yes,Official,"N. J. Exec. Order 163 (July 8, 2020)",34003,55352,1775,0.02,0.014,0.053,0.151,0.762,487.5
273,2021-01-08,1,Yes,Official,"N. J. Exec. Order 163 (July 8, 2020)",34003,55861,1775,0.02,0.014,0.053,0.151,0.762,498.8
274,2021-01-09,1,Yes,Official,"N. J. Exec. Order 163 (July 8, 2020)",34003,56390,1775,0.02,0.014,0.053,0.151,0.762,502.0
275,2021-01-10,1,Yes,Official,"N. J. Exec. Order 163 (July 8, 2020)",34003,56890,1775,0.02,0.014,0.053,0.151,0.762,493.2
276,2021-01-11,1,Yes,Official,"N. J. Exec. Order 163 (July 8, 2020)",34003,57259,1775,0.02,0.014,0.053,0.151,0.762,478.6
277,2021-01-12,1,Yes,Official,"N. J. Exec. Order 163 (July 8, 2020)",34003,57609,1775,0.02,0.014,0.053,0.151,0.762,465.1
278,2021-01-13,1,Yes,Official,"N. J. Exec. Order 163 (July 8, 2020)",34003,58354,1775,0.02,0.014,0.053,0.151,0.762,503.8
279,2021-01-14,1,Yes,Official,"N. J. Exec. Order 163 (July 8, 2020)",34003,59102,1775,0.02,0.014,0.053,0.151,0.762,549.7
280,2021-01-15,1,Yes,Official,"N. J. Exec. Order 163 (July 8, 2020)",34003,59684,1775,0.02,0.014,0.053,0.151,0.762,554.7
281,2021-01-16,1,Yes,Official,"N. J. Exec. Order 163 (July 8, 2020)",34003,60224,1775,0.02,0.014,0.053,0.151,0.762,547.0
282,2021-01-17,1,Yes,Official,"N. J. Exec. Order 163 (July 8, 2020)",34003,60704,1775,0.02,0.014,0.053,0.151,0.762,535.2
283,2021-01-18,1,Yes,Official,"N. J. Exec. Order 163 (July 8, 2020)",34003,60985,1775,0.02,0.014,0.053,0.151,0.762,512.4
284,2021-01-19,1,Yes,Official,"N. J. Exec. Order 163 (July 8, 2020)",34003,61469,1775,0.02,0.014,0.053,0.151,0.762,507.9
285,2021-01-20,1,Yes,Official,"N. J. Exec. Order 163 (July 8, 2020)",34003,62042,1775,0.02,0.014,0.053,0.151,0.762,515.2
286,2021-01-21,1,Yes,Official,"N. J. Exec. Order 163 (July 8, 2020)",34003,62551,1775,0.02,0.014,0.053,0.151,0.762,529.2
287,2021-01-22,1,Yes,Official,"N. J. Exec. Order 163 (July 8, 2020)",34003,62908,1775,0.02,0.014,0.053,0.151,0.762,529.9
288,2021-01-23,1,Yes,Official,"N. J. Exec. Order 163 (July 8, 2020)",34003,63563,1775,0.02,0.014,0.053,0.151,0.762,520.9
289,2021-01-24,1,Yes,Official,"N. J. Exec. Order 163 (July 8, 2020)",34003,64044,1775,0.02,0.014,0.053,0.151,0.762,494.2
290,2021-01-25,1,Yes,Official,"N. J. Exec. Order 163 (July 8, 2020)",34003,64390,1775,0.02,0.014,0.053,0.151,0.762,470.6
291,2021-01-26,1,Yes,Official,"N. J. Exec. Order 163 (July 8, 2020)",34003,64848,1775,0.02,0.014,0.053,0.151,0.762,462.4
292,2021-01-27,1,Yes,Official,"N. J. Exec. Order 163 (July 8, 2020)",34003,65338,1775,0.02,0.014,0.053,0.151,0.762,463.4
293,2021-01-28,1,Yes,Official,"N. J. Exec. Order 163 (July 8, 2020)",34003,65850,1775,0.02,0.014,0.053,0.151,0.762,486.5
294,2021-01-29,1,Yes,Official,"N. J. Exec. Order 163 (July 8, 2020)",34003,66318,1775,0.02,0.014,0.053,0.151,0.762,484.9
295,2021-01-30,1,Yes,Official,"N. J. Exec. Order 163 (July 8, 2020)",34003,66836,1775,0.02,0.014,0.053,0.151,0.762,479.4
296,2021-01-31,1,Yes,Official,"N. J. Exec. Order 163 (July 8, 2020)",34003,67253,1775,0.02,0.014,0.053,0.151,0.762,470.2
297,2021-02-01,1,Yes,Official,"N. J. Exec. Order 163 (July 8, 2020)",34003,67609,1775,0.02,0.014,0.053,0.151,0.762,470.1
298,2021-02-02,1,Yes,Official,"N. J. Exec. Order 163 (July 8, 2020)",34003,67912,1775,0.02,0.014,0.053,0.151,0.762,434.9
299,2021-02-03,1,Yes,Official,"N. J. Exec. Order 163 (July 8, 2020)",34003,68134,1775,0.02,0.014,0.053,0.151,0.762,409.0
300,2021-02-04,1,Yes,Official,"N. J. Exec. Order 163 (July 8, 2020)",34003,68542,1775,0.02,0.014,0.053,0.151,0.762,415.2
301,2021-02-05,1,Yes,Official,"N. J. Exec. Order 163 (July 8, 2020)",34003,69047,1775,0.02,0.014,0.053,0.151,0.762,419.9
302,2021-02-06,1,Yes,Official,"N. J. Exec. Order 163 (July 8, 2020)",34003,69523,1775,0.02,0.014,0.053,0.151,0.762,418.5
303,2021-02-07,1,Yes,Official,"N. J. Exec. Order 163 (July 8, 2020)",34003,69951,1775,0.02,0.014,0.053,0.151,0.762,410.1
304,2021-02-08,1,Yes,Official,"N. J. Exec. Order 163 (July 8, 2020)",34003,70209,1775,0.02,0.014,0.053,0.151,0.762,389.1
305,2021-02-09,1,Yes,Official,"N. J. Exec. Order 163 (July 8, 2020)",34003,70526,1775,0.02,0.014,0.053,0.151,0.762,369.0
306,2021-02-10,1,Yes,Official,"N. J. Exec. Order 163 (July 8, 2020)",34003,70978,1775,0.02,0.014,0.053,0.151,0.762,372.5
307,2021-02-11,1,Yes,Official,"N. J. Exec. Order 163 (July 8, 2020)",34003,71373,1775,0.02,0.014,0.053,0.151,0.762,376.4
308,2021-02-12,1,Yes,Official,"N. J. Exec. Order 163 (July 8, 2020)",34003,71752,1775,0.02,0.014,0.053,0.151,0.762,384.0
309,2021-02-13,1,Yes,Official,"N. J. Exec. Order 163 (July 8, 2020)",34003,72165,1775,0.02,0.014,0.053,0.151,0.762,403.1
310,2021-02-14,1,Yes,Official,"N. J. Exec. Order 163 (July 8, 2020)",34003,72420,1775,0.02,0.014,0.053,0.151,0.762,387.8
311,2021-02-15,1,Yes,Official,"N. J. Exec. Order 163 (July 8, 2020)",34003,72567,1775,0.02,0.014,0.053,0.151,0.762,352.0
312,2021-02-16,1,Yes,Official,"N. J. Exec. Order 163 (July 8, 2020)",34003,73077,1775,0.02,0.014,0.053,0.151,0.762,355.4
313,2021-02-17,1,Yes,Official,"N. J. Exec. Order 163 (July 8, 2020)",34003,73454,1775,0.02,0.014,0.053,0.151,0.762,350.3
314,2021-02-18,1,Yes,Official,"N. J. Exec. Order 163 (July 8, 2020)",34003,73819,1775,0.02,0.014,0.053,0.151,0.762,361.0
315,2021-02-19,1,Yes,Official,"N. J. Exec. Order 163 (July 8, 2020)",34003,74126,1775,0.02,0.014,0.053,0.151,0.762,360.0
316,2021-02-20,1,Yes,Official,"N. J. Exec. Order 163 (July 8, 2020)",34003,74471,1775,0.02,0.014,0.053,0.151,0.762,349.3
317,2021-02-21,1,Yes,Official,"N. J. Exec. Order 163 (July 8, 2020)",34003,74689,1775,0.02,0.014,0.053,0.151,0.762,331.6
318,2021-02-22,1,Yes,Official,"N. J. Exec. Order 163 (July 8, 2020)",34003,75062,1775,0.02,0.014,0.053,0.151,0.762,331.0
319,2021-02-23,1,Yes,Official,"N. J. Exec. Order 163 (July 8, 2020)",34003,75478,1775,0.02,0.014,0.053,0.151,0.762,331.3
320,2021-02-24,1,Yes,Official,"N. J. Exec. Order 163 (July 8, 2020)",34003,75860,1775,0.02,0.014,0.053,0.151,0.762,344.0
321,2021-02-25,1,Yes,Official,"N. J. Exec. Order 163 (July 8, 2020)",34003,76339,1775,0.02,0.014,0.053,0.151,0.762,377.2
322,2021-02-26,1,Yes,Official,"N. J. Exec. Order 163 (July 8, 2020)",34003,76862,1775,0.02,0.014,0.053,0.151,0.762,378.5
323,2021-02-27,1,Yes,Official,"N. J. Exec. Order 163 (July 8, 2020)",34003,77290,1775,0.02,0.014,0.053,0.151,0.762,383.6
324,2021-02-28,1,Yes,Official,"N. J. Exec. Order 163 (July 8, 2020)",34003,77537,1775,0.02,0.014,0.053,0.151,0.762,371.8
325,2021-03-01,1,Yes,Official,"N. J. Exec. Order 163 (July 8, 2020)",34003,78040,1775,0.02,0.014,0.053,0.151,0.762,391.4
326,2021-03-02,1,Yes,Official,"N. J. Exec. Order 163 (July 8, 2020)",34003,78445,1775,0.02,0.014,0.053,0.151,0.762,397.4
327,2021-03-03,1,Yes,Official,"N. J. Exec. Order 163 (July 8, 2020)",34003,78951,1775,0.02,0.014,0.053,0.151,0.762,426.2
328,2021-03-04,1,Yes,Official,"N. J. Exec. Order 163 (July 8, 2020)",34003,79332,1775,0.02,0.014,0.053,0.151,0.762,427.0
329,2021-03-05,1,Yes,Official,"N. J. Exec. Order 163 (July 8, 2020)",34003,79796,1775,0.02,0.014,0.053,0.151,0.762,431.8
330,2021-03-06,1,Yes,Official,"N. J. Exec. Order 163 (July 8, 2020)",34003,80008,1775,0.02,0.014,0.053,0.151,0.762,414.8
331,2021-03-07,1,Yes,Official,"N. J. Exec. Order 163 (July 8, 2020)",34003,80339,1775,0.02,0.014,0.053,0.151,0.762,400.0
332,2021-03-08,1,Yes,Official,"N. J. Exec. Order 163 (July 8, 2020)",34003,80605,1775,0.02,0.014,0.053,0.151,0.762,374.3
333,2021-03-09,1,Yes,Official,"N. J. Exec. Order 163 (July 8, 2020)",34003,81125,1775,0.02,0.014,0.053,0.151,0.762,383.5
334,2021-03-10,1,Yes,Official,"N. J. Exec. Order 163 (July 8, 2020)",34003,81535,1775,0.02,0.014,0.053,0.151,0.762,399.8
335,2021-03-11,1,Yes,Official,"N. J. Exec. Order 163 (July 8, 2020)",34003,82037,1775,0.02,0.014,0.053,0.151,0.762,399.7
336,2021-03-12,1,Yes,Official,"N. J. Exec. Order 163 (July 8, 2020)",34003,82488,1775,0.02,0.014,0.053,0.151,0.762,404.3
337,2021-03-13,1,Yes,Official,"N. J. Exec. Order 163 (July 8, 2020)",34003,82880,1775,0.02,0.014,0.053,0.151,0.762,392.9
338,2021-03-14,1,Yes,Official,"N. J. Exec. Order 163 (July 8, 2020)",34003,83263,1775,0.02,0.014,0.053,0.151,0.762,393.1
339,2021-03-15,1,Yes,Official,"N. J. Exec. Order 163 (July 8, 2020)",34003,83594,1775,0.02,0.014,0.053,0.151,0.762,379.8
340,2021-03-16,1,Yes,Official,"N. J. Exec. Order 163 (July 8, 2020)",34003,84076,1775,0.02,0.014,0.053,0.151,0.762,406.8
341,2021-03-17,1,Yes,Official,"N. J. Exec. Order 163 (July 8, 2020)",34003,84573,1775,0.02,0.014,0.053,0.151,0.762,423.4
342,2021-03-18,1,Yes,Official,"N. J. Exec. Order 163 (July 8, 2020)",34003,85044,1775,0.02,0.014,0.053,0.151,0.762,443.9
343,2021-03-19,1,Yes,Official,"N. J. Exec. Order 163 (July 8, 2020)",34003,85586,1775,0.02,0.014,0.053,0.151,0.762,446.1
344,2021-03-20,1,Yes,Official,"N. J. Exec. Order 163 (July 8, 2020)",34003,86106,1775,0.02,0.014,0.053,0.151,0.762,457.1
345,2021-03-21,1,Yes,Official,"N. J. Exec. Order 163 (July 8, 2020)",34003,86467,1775,0.02,0.014,0.053,0.151,0.762,443.0
346,2021-03-22,1,Yes,Official,"N. J. Exec. Order 163 (July 8, 2020)",34003,86830,1775,0.02,0.014,0.053,0.151,0.762,434.2
347,2021-03-23,1,Yes,Official,"N. J. Exec. Order 163 (July 8, 2020)",34003,87348,1775,0.02,0.014,0.053,0.151,0.762,446.8
348,2021-03-24,1,Yes,Official,"N. J. Exec. Order 163 (July 8, 2020)",34003,87799,1775,0.02,0.014,0.053,0.151,0.762,453.6
349,2021-03-25,1,Yes,Official,"N. J. Exec. Order 163 (July 8, 2020)",34003,88162,1775,0.02,0.014,0.053,0.151,0.762,456.8
350,2021-03-26,1,Yes,Official,"N. J. Exec. Order 163 (July 8, 2020)",34003,88904,1775,0.02,0.014,0.053,0.151,0.762,482.8
351,2021-03-27,1,Yes,Official,"N. J. Exec. Order 163 (July 8, 2020)",34003,89471,1775,0.02,0.014,0.053,0.151,0.762,489.8
352,2021-03-28,1,Yes,Official,"N. J. Exec. Order 163 (July 8, 2020)",34003,90006,1775,0.02,0.014,0.053,0.151,0.762,496.2
353,2021-03-29,1,Yes,Official,"N. J. Exec. Order 163 (July 8, 2020)",34003,90376,1775,0.02,0.014,0.053,0.151,0.762,479.0
354,2021-03-30,1,Yes,Official,"N. J. Exec. Order 163 (July 8, 2020)",34003,90918,1775,0.02,0.014,0.053,0.151,0.762,481.2
355,2021-03-31,1,Yes,Official,"N. J. Exec. Order 163 (July 8, 2020)",34003,91488,1775,0.02,0.014,0.053,0.151,0.762,502.1
356,2021-04-01,1,Yes,Official,"N. J. Exec. Order 163 (July 8, 2020)",34003,92021,1775,0.02,0.014,0.053,0.151,0.762,519.1
357,2021-04-02,1,Yes,Official,"N. J. Exec. Order 163 (July 8, 2020)",34003,92547,1775,0.02,0.014,0.053,0.151,0.762,519.9
358,2021-04-03,1,Yes,Official,"N. J. Exec. Order 163 (July 8, 2020)",34003,93058,1775,0.02,0.014,0.053,0.151,0.762,525.9
359,2021-04-04,1,Yes,Official,"N. J. Exec. Order 163 (July 8, 2020)",34003,93426,1775,0.02,0.014,0.053,0.151,0.762,526.4
360,2021-04-05,1,Yes,Official,"N. J. Exec. Order 163 (July 8, 2020)",34003,93767,1775,0.02,0.014,0.053,0.151,0.762,486.3
361,2021-04-06,1,Yes,Official,"N. J. Exec. Order 163 (July 8, 2020)",34003,94130,1775,0.02,0.014,0.053,0.151,0.762,465.9
362,2021-04-07,1,Yes,Official,"N. J. Exec. Order 163 (July 8, 2020)",34003,94657,1775,0.02,0.014,0.053,0.151,0.762,465.1
363,2021-04-08,1,Yes,Official,"N. J. Exec. Order 163 (July 8, 2020)",34003,95067,1775,0.02,0.014,0.053,0.151,0.762,469.1
364,2021-04-09,1,Yes,Official,"N. J. Exec. Order 163 (July 8, 2020)",34003,95466,1775,0.02,0.014,0.053,0.151,0.762,454.8
365,2021-04-10,1,Yes,Official,"N. J. Exec. Order 163 (July 8, 2020)",34003,95842,1775,0.02,0.014,0.053,0.151,0.762,435.4
366,2021-04-11,1,Yes,Official,"N. J. Exec. Order 163 (July 8, 2020)",34003,96164,1775,0.02,0.014,0.053,0.151,0.762,414.3
367,2021-04-12,1,Yes,Official,"N. J. Exec. Order 163 (July 8, 2020)",34003,96411,1775,0.02,0.014,0.053,0.151,0.762,386.4
368,2021-04-13,1,Yes,Official,"N. J. Exec. Order 163 (July 8, 2020)",34003,96748,1775,0.02,0.014,0.053,0.151,0.762,369.0
369,2021-04-14,1,Yes,Official,"N. J. Exec. Order 163 (July 8, 2020)",34003,97118,1775,0.02,0.014,0.053,0.151,0.762,369.2
370,2021-04-15,1,Yes,Official,"N. J. Exec. Order 163 (July 8, 2020)",34003,97483,1775,0.02,0.014,0.053,0.151,0.762,371.6
371,2021-04-16,1,Yes,Official,"N. J. Exec. Order 163 (July 8, 2020)",34003,97885,1775,0.02,0.014,0.053,0.151,0.762,375.5
372,2021-04-17,1,Yes,Official,"N. J. Exec. Order 163 (July 8, 2020)",34003,98258,1775,0.02,0.014,0.053,0.151,0.762,360.1
373,2021-04-18,1,Yes,Official,"N. J. Exec. Order 163 (July 8, 2020)",34003,98483,1775,0.02,0.014,0.053,0.151,0.762,341.6
374,2021-04-19,1,Yes,Official,"N. J. Exec. Order 163 (July 8, 2020)",34003,98660,1775,0.02,0.014,0.053,0.151,0.762,319.4
375,2021-04-20,1,Yes,Official,"N. J. Exec. Order 163 (July 8, 2020)",34003,98913,1775,0.02,0.014,0.053,0.151,0.762,307.1
376,2021-04-21,1,Yes,Official,"N. J. Exec. Order 163 (July 8, 2020)",34003,99235,1775,0.02,0.014,0.053,0.151,0.762,307.1
377,2021-04-22,1,Yes,Official,"N. J. Exec. Order 163 (July 8, 2020)",34003,99542,1775,0.02,0.014,0.053,0.151,0.762,313.1
378,2021-04-23,1,Yes,Official,"N. J. Exec. Order 163 (July 8, 2020)",34003,99780,1775,0.02,0.014,0.053,0.151,0.762,303.2
379,2021-04-24,1,Yes,Official,"N. J. Exec. Order 163 (July 8, 2020)",34003,100060,1775,0.02,0.014,0.053,0.151,0.762,294.2
380,2021-04-25,1,Yes,Official,"N. J. Exec. Order 163 (July 8, 2020)",34003,100210,1775,0.02,0.014,0.053,0.151,0.762,272.7
381,2021-04-26,1,Yes,Official,"N. J. Exec. Order 163 (July 8, 2020)",34003,100215,1775,0.02,0.014,0.053,0.151,0.762,233.0
382,2021-04-27,1,Yes,Official,"N. J. Exec. Order 163 (July 8, 2020)",34003,100407,1775,0.02,0.014,0.053,0.151,0.762,214.9
383,2021-04-28,1,Yes,Official,"N. J. Exec. Order 163 (July 8, 2020)",34003,100594,1775,0.02,0.014,0.053,0.151,0.762,211.1
384,2021-04-29,1,Yes,Official,"N. J. Exec. Order 163 (July 8, 2020)",34003,100826,1775,0.02,0.014,0.053,0.151,0.762,216.6
385,2021-04-30,1,Yes,Official,"N. J. Exec. Order 163 (July 8, 2020)",34003,100988,1775,0.02,0.014,0.053,0.151,0.762,207.5
386,2021-05-01,1,Yes,Official,"N. J. Exec. Order 163 (July 8, 2020)",34003,101120,1775,0.02,0.014,0.053,0.151,0.762,188.5
387,2021-05-02,1,Yes,Official,"N. J. Exec. Order 163 (July 8, 2020)",34003,101198,1775,0.02,0.014,0.053,0.151,0.762,165.6
388,2021-05-03,1,Yes,Official,"N. J. Exec. Order 163 (July 8, 2020)",34003,101287,1775,0.02,0.014,0.053,0.151,0.762,150.7
389,2021-05-04,1,Yes,Official,"N. J. Exec. Order 163 (July 8, 2020)",34003,101383,1775,0.02,0.014,0.053,0.151,0.762,132.3
390,2021-05-05,1,Yes,Official,"N. J. Exec. Order 163 (July 8, 2020)",34003,102678,1775,0.02,0.014,0.053,0.151,0.762,246.8
391,2021-05-06,1,Yes,Official,"N. J. Exec. Order 163 (July 8, 2020)",34003,103082,1775,0.02,0.014,0.053,0.151,0.762,286.7
392,2021-05-07,1,Yes,Official,"N. J. Exec. Order 163 (July 8, 2020)",34003,103164,1775,0.02,0.014,0.053,0.151,0.762,275.7
393,2021-05-08,1,Yes,Official,"N. J. Exec. Order 163 (July 8, 2020)",34003,103253,1775,0.02,0.014,0.053,0.151,0.762,265.9
394,2021-05-09,1,Yes,Official,"N. J. Exec. Order 163 (July 8, 2020)",34003,103314,1775,0.02,0.014,0.053,0.151,0.762,248.8
395,2021-05-10,1,Yes,Official,"N. J. Exec. Order 163 (July 8, 2020)",34003,103352,1775,0.02,0.014,0.053,0.151,0.762,236.4
396,2021-05-11,1,Yes,Official,"N. J. Exec. Order 163 (July 8, 2020)",34003,103408,1775,0.02,0.014,0.053,0.151,0.762,228.8
397,2021-05-12,1,Yes,Official,"N. J. Exec. Order 163 (July 8, 2020)",34003,103494,1775,0.02,0.014,0.053,0.151,0.762,229.6
398,2021-05-13,1,Yes,Official,"N. J. Exec. Order 163 (July 8, 2020)",34003,103542,1775,0.02,0.014,0.053,0.151,0.762,225.5
399,2021-05-14,1,Yes,Official,"N. J. Exec. Order 163 (July 8, 2020)",34003,103613,1775,0.02,0.014,0.053,0.151,0.762,223.0
400,2021-05-15,1,Yes,Official,"N. J. Exec. Order 163 (July 8, 2020)",34003,103703,1775,0.02,0.014,0.053,0.151,0.762,102.5
401,2021-05-16,1,Yes,Official,"N. J. Exec. Order 163 (July 8, 2020)",34003,103752,1775,0.02,0.014,0.053,0.151,0.762,67.0
402,2021-05-17,1,Yes,Official,"N.J. Exec. Order No. 241 (May 17, 2021)",34003,103797,1775,0.02,0.014,0.053,0.151,0.762,63.3
403,2021-05-18,1,Yes,Official,"N.J. Exec. Order No. 241 (May 17, 2021)",34003,103831,1775,0.02,0.014,0.053,0.151,0.762,57.8
404,2021-05-19,1,Yes,Official,"N.J. Exec. Order No. 241 (May 17, 2021)",34003,103872,1775,0.02,0.014,0.053,0.151,0.762,55.8
405,2021-05-20,1,Yes,Official,"N.J. Exec. Order No. 241 (May 17, 2021)",34003,103898,1775,0.02,0.014,0.053,0.151,0.762,54.6
406,2021-05-21,1,Yes,Official,"N.J. Exec. Order No. 241 (May 17, 2021)",34003,103965,1775,0.02,0.014,0.053,0.151,0.762,55.7
407,2021-05-22,1,Yes,Official,"N.J. Exec. Order No. 241 (May 17, 2021)",34003,103993,1775,0.02,0.014,0.053,0.151,0.762,49.9
408,2021-05-23,1,Yes,Official,"N.J. Exec. Order No. 241 (May 17, 2021)",34003,104022,1775,0.02,0.014,0.053,0.151,0.762,48.0
409,2021-05-24,1,Yes,Official,"N.J. Exec. Order No. 241 (May 17, 2021)",34003,104054,1775,0.02,0.014,0.053,0.151,0.762,44.1
410,2021-05-25,1,Yes,Official,"N.J. Exec. Order No. 241 (May 17, 2021)",34003,104101,1775,0.02,0.014,0.053,0.151,0.762,39.8
411,2021-05-26,1,Yes,Official,"N.J. Exec. Order No. 241 (May 17, 2021)",34003,104142,1775,0.02,0.014,0.053,0.151,0.762,39.0
412,2021-05-27,1,Yes,Official,"N.J. Exec. Order No. 241 (May 17, 2021)",34003,104177,1775,0.02,0.014,0.053,0.151,0.762,38.0
413,2021-05-28,2,Yes,Official,"N.J. Exec. Order No. 242 (May 24, 2021)",34003,104206,1775,0.02,0.014,0.053,0.151,0.762,37.5
414,2021-05-29,2,Yes,Official,"N.J. Exec. Order No. 242 (May 24, 2021)",34003,104225,1775,0.02,0.014,0.053,0.151,0.762,35.3
415,2021-05-30,2,Yes,Official,"N.J. Exec. Order No. 242 (May 24, 2021)",34003,104237,1775,0.02,0.014,0.053,0.151,0.762,33.9
416,2021-05-31,2,Yes,Official,"N.J. Exec. Order No. 242 (May 24, 2021)",34003,104255,1775,0.02,0.014,0.053,0.151,0.762,29.0
417,2021-06-01,2,Yes,Official,"N.J. Exec. Order No. 242 (May 24, 2021)",34003,104270,1775,0.02,0.014,0.053,0.151,0.762,27.7
418,2021-06-02,2,Yes,Official,"N.J. Exec. Order No. 242 (May 24, 2021)",34003,104287,1775,0.02,0.014,0.053,0.151,0.762,26.5
419,2021-06-03,2,Yes,Official,"N.J. Exec. Order No. 242 (May 24, 2021)",34003,104301,1775,0.02,0.014,0.053,0.151,0.762,24.7
420,2021-06-04,2,Yes,Official,"N.J. Exec. Order No. 242 (May 24, 2021)",34003,104315,1775,0.02,0.014,0.053,0.151,0.762,21.4
421,2021-06-05,2,Yes,Official,"N.J. Exec. Order No. 242 (May 24, 2021)",34003,104369,1775,0.02,0.014,0.053,0.151,0.762,22.7
422,2021-06-06,2,Yes,Official,"N.J. Exec. Order No. 242 (May 24, 2021)",34003,104391,1775,0.02,0.014,0.053,0.151,0.762,21.4
423,2021-06-07,2,Yes,Official,"N.J. Exec. Order No. 242 (May 24, 2021)",34003,104409,1775,0.02,0.014,0.053,0.151,0.762,20.3
424,2021-06-08,2,Yes,Official,"N.J. Exec. Order No. 242 (May 24, 2021)",34003,104427,1775,0.02,0.014,0.053,0.151,0.762,20.2
425,2021-06-09,2,Yes,Official,"N.J. Exec. Order No. 242 (May 24, 2021)",34003,104449,1775,0.02,0.014,0.053,0.151,0.762,21.2
426,2021-06-10,2,Yes,Official,"N.J. Exec. Order No. 242 (May 24, 2021)",34003,104476,1775,0.02,0.014,0.053,0.151,0.762,22.1
427,2021-06-11,2,Yes,Official,"N.J. Exec. Order No. 242 (May 24, 2021)",34003,104508,1775,0.02,0.014,0.053,0.151,0.762,23.8
428,2021-06-12,2,Yes,Official,"N.J. Exec. Order No. 242 (May 24, 2021)",34003,104508,1775,0.02,0.014,0.053,0.151,0.762,22.1
429,2021-06-13,2,Yes,Official,"N.J. Exec. Order No. 242 (May 24, 2021)",34003,104553,1775,0.02,0.014,0.053,0.151,0.762,25.2
430,2021-06-14,2,Yes,Official,"N.J. Exec. Order No. 242 (May 24, 2021)",34003,104574,1775,0.02,0.014,0.053,0.151,0.762,25.9
431,2021-06-15,2,Yes,Official,"N.J. Exec. Order No. 242 (May 24, 2021)",34003,104610,1775,0.02,0.014,0.053,0.151,0.762,24.1
432,2021-06-16,2,Yes,Official,"N.J. Exec. Order No. 242 (May 24, 2021)",34003,104634,1775,0.02,0.014,0.053,0.151,0.762,24.3
433,2021-06-17,2,Yes,Official,"N.J. Exec. Order No. 242 (May 24, 2021)",34003,104653,1775,0.02,0.014,0.053,0.151,0.762,24.4
434,2021-06-18,2,Yes,Official,"N.J. Exec. Order No. 242 (May 24, 2021)",34003,104680,1775,0.02,0.014,0.053,0.151,0.762,25.3
435,2021-06-19,2,Yes,Official,"N.J. Exec. Order No. 242 (May 24, 2021)",34003,104694,1775,0.02,0.014,0.053,0.151,0.762,24.5
436,2021-06-20,2,Yes,Official,"N.J. Exec. Order No. 242 (May 24, 2021)",34003,104711,1775,0.02,0.014,0.053,0.151,0.762,23.5
437,2021-06-21,2,Yes,Official,"N.J. Exec. Order No. 242 (May 24, 2021)",34003,104720,1775,0.02,0.014,0.053,0.151,0.762,21.2
438,2021-06-22,2,Yes,Official,"N.J. Exec. Order No. 242 (May 24, 2021)",34003,104751,1775,0.02,0.014,0.053,0.151,0.762,24.3
439,2021-06-23,2,Yes,Official,"N.J. Exec. Order No. 242 (May 24, 2021)",34003,104791,1775,0.02,0.014,0.053,0.151,0.762,23.8
440,2021-06-24,2,Yes,Official,"N.J. Exec. Order No. 242 (May 24, 2021)",34003,104835,1775,0.02,0.014,0.053,0.151,0.762,26.1
441,2021-06-25,2,Yes,Official,"N.J. Exec. Order No. 242 (May 24, 2021)",34003,104860,1775,0.02,0.014,0.053,0.151,0.762,25.0
442,2021-06-26,2,Yes,Official,"N.J. Exec. Order No. 242 (May 24, 2021)",34003,104885,1775,0.02,0.014,0.053,0.151,0.762,25.1
443,2021-06-27,2,Yes,Official,"N.J. Exec. Order No. 242 (May 24, 2021)",34003,104908,1775,0.02,0.014,0.053,0.151,0.762,25.5
444,2021-06-28,2,Yes,Official,"N.J. Exec. Order No. 242 (May 24, 2021)",34003,104921,1775,0.02,0.014,0.053,0.151,0.762,24.1
445,2021-06-29,2,Yes,Official,"N.J. Exec. Order No. 242 (May 24, 2021)",34003,104955,1775,0.02,0.014,0.053,0.151,0.762,26.1
446,2021-06-30,2,Yes,Official,"N.J. Exec. Order No. 242 (May 24, 2021)",34003,104996,1775,0.02,0.014,0.053,0.151,0.762,28.5
447,2021-07-01,2,Yes,Official,"N.J. Exec. Order No. 242 (May 24, 2021)",34003,105028,1775,0.02,0.014,0.053,0.151,0.762,30.8
448,2021-07-02,2,Yes,Official,"N.J. Exec. Order No. 242 (May 24, 2021)",34003,105056,1775,0.02,0.014,0.053,0.151,0.762,30.5
449,2021-07-03,2,Yes,Official,"N.J. Exec. Order No. 242 (May 24, 2021)",34003,105080,1775,0.02,0.014,0.053,0.151,0.762,28.9
450,2021-07-04,2,Yes,Official,"N.J. Exec. Order No. 242 (May 24, 2021)",34003,105086,1775,0.02,0.014,0.053,0.151,0.762,25.1
451,2021-07-05,2,Yes,Official,"N.J. Exec. Order No. 242 (May 24, 2021)",34003,105095,1775,0.02,0.014,0.053,0.151,0.762,23.5
452,2021-07-06,2,Yes,Official,"N.J. Exec. Order No. 242 (May 24, 2021)",34003,105108,1775,0.02,0.014,0.053,0.151,0.762,22.3
453,2021-07-07,2,Yes,Official,"N.J. Exec. Order No. 242 (May 24, 2021)",34003,105129,1775,0.02,0.014,0.053,0.151,0.762,22.1
454,2021-07-08,2,Yes,Official,"N.J. Exec. Order No. 242 (May 24, 2021)",34003,105159,1775,0.02,0.014,0.053,0.151,0.762,23.8
455,2021-07-09,2,Yes,Official,"N.J. Exec. Order No. 242 (May 24, 2021)",34003,105181,1775,0.02,0.014,0.053,0.151,0.762,22.6
456,2021-07-10,2,Yes,Official,"N.J. Exec. Order No. 242 (May 24, 2021)",34003,105203,1775,0.02,0.014,0.053,0.151,0.762,20.7
457,2021-07-11,2,Yes,Official,"N.J. Exec. Order No. 242 (May 24, 2021)",34003,105235,1775,0.02,0.014,0.053,0.151,0.762,20.7
458,2021-07-12,2,Yes,Official,"N.J. Exec. Order No. 242 (May 24, 2021)",34003,105249,1775,0.02,0.014,0.053,0.151,0.762,19.3
459,2021-07-13,2,Yes,Official,"N.J. Exec. Order No. 242 (May 24, 2021)",34003,105290,1775,0.02,0.014,0.053,0.151,0.762,21.0
460,2021-07-14,2,Yes,Official,"N.J. Exec. Order No. 242 (May 24, 2021)",34003,105338,1775,0.02,0.014,0.053,0.151,0.762,25.2
461,2021-07-15,2,Yes,Official,"N.J. Exec. Order No. 242 (May 24, 2021)",34003,105384,1775,0.02,0.014,0.053,0.151,0.762,28.9
462,2021-07-16,2,Yes,Official,"N.J. Exec. Order No. 242 (May 24, 2021)",34003,105434,1775,0.02,0.014,0.053,0.151,0.762,32.6
463,2021-07-17,2,Yes,Official,"N.J. Exec. Order No. 242 (May 24, 2021)",34003,105485,1775,0.02,0.014,0.053,0.151,0.762,35.6
464,2021-07-18,2,Yes,Official,"N.J. Exec. Order No. 242 (May 24, 2021)",34003,105517,1775,0.02,0.014,0.053,0.151,0.762,35.8
465,2021-07-19,2,Yes,Official,"N.J. Exec. Order No. 242 (May 24, 2021)",34003,105547,1775,0.02,0.014,0.053,0.151,0.762,36.6
466,2021-07-20,2,Yes,Official,"N.J. Exec. Order No. 242 (May 24, 2021)",34003,105595,1775,0.02,0.014,0.053,0.151,0.762,39.2
467,2021-07-21,2,Yes,Official,"N.J. Exec. Order No. 242 (May 24, 2021)",34003,105647,1775,0.02,0.014,0.053,0.151,0.762,41.2
468,2021-07-22,2,Yes,Official,"N.J. Exec. Order No. 242 (May 24, 2021)",34003,105735,1775,0.02,0.014,0.053,0.151,0.762,48.6
469,2021-07-23,2,Yes,Official,"N.J. Exec. Order No. 242 (May 24, 2021)",34003,105835,1775,0.02,0.014,0.053,0.151,0.762,54.5
470,2021-07-24,2,Yes,Official,"N.J. Exec. Order No. 242 (May 24, 2021)",34003,105922,1775,0.02,0.014,0.053,0.151,0.762,58.4
471,2021-07-25,2,Yes,Official,"N.J. Exec. Order No. 242 (May 24, 2021)",34003,105987,1775,0.02,0.014,0.053,0.151,0.762,60.3
472,2021-07-26,2,Yes,Official,"N.J. Exec. Order No. 242 (May 24, 2021)",34003,106059,1775,0.02,0.014,0.053,0.151,0.762,62.5
473,2021-07-27,2,Yes,Official,"N.J. Exec. Order No. 242 (May 24, 2021)",34003,106138,1775,0.02,0.014,0.053,0.151,0.762,65.3
474,2021-07-28,2,Yes,Official,"N.J. Exec. Order No. 242 (May 24, 2021)",34003,106239,1775,0.02,0.014,0.053,0.151,0.762,72.2
475,2021-07-29,2,Yes,Official,"N.J. Exec. Order No. 242 (May 24, 2021)",34003,106361,1775,0.02,0.014,0.053,0.151,0.762,81.4
476,2021-07-30,2,Yes,Official,"N.J. Exec. Order No. 242 (May 24, 2021)",34003,106473,1775,0.02,0.014,0.053,0.151,0.762,87.8
477,2021-07-31,2,Yes,Official,"N.J. Exec. Order No. 242 (May 24, 2021)",34003,106588,1775,0.02,0.014,0.053,0.151,0.762,94.1
478,2021-08-01,2,Yes,Official,"N.J. Exec. Order No. 242 (May 24, 2021)",34003,106692,1775,0.02,0.014,0.053,0.151,0.762,95.7
479,2021-08-02,2,Yes,Official,"N.J. Exec. Order No. 242 (May 24, 2021)",34003,106777,1775,0.02,0.014,0.053,0.151,0.762,94.2
480,2021-08-03,2,Yes,Official,"N.J. Exec. Order No. 242 (May 24, 2021)",34003,106906,1775,0.02,0.014,0.053,0.151,0.762,98.4
481,2021-08-04,2,Yes,Official,"N.J. Exec. Order No. 242 (May 24, 2021)",34003,107009,1775,0.02,0.014,0.053,0.151,0.762,102.2
482,2021-08-05,2,Yes,Official,"N.J. Exec. Order No. 242 (May 24, 2021)",34003,107133,1775,0.02,0.014,0.053,0.151,0.762,107.4
483,2021-08-06,2,Yes,Official,"N.J. Exec. Order No. 252 (Aug. 6, 2021)",34003,107269,1775,0.02,0.014,0.053,0.151,0.762,113.1
484,2021-08-07,2,Yes,Official,"N.J. Exec. Order No. 252 (Aug. 6, 2021)",34003,107380,1775,0.02,0.014,0.053,0.151,0.762,114.1
485,2021-08-08,2,Yes,Official,"N.J. Exec. Order No. 252 (Aug. 6, 2021)",34003,107471,1775,0.02,0.014,0.053,0.151,0.762,111.0
486,2021-08-09,2,Yes,Official,"N.J. Exec. Order No. 252 (Aug. 6, 2021)",34003,107533,1775,0.02,0.014,0.053,0.151,0.762,106.0
487,2021-08-10,2,Yes,Official,"N.J. Exec. Order No. 252 (Aug. 6, 2021)",34003,107723,1775,0.02,0.014,0.053,0.151,0.762,113.5
488,2021-08-11,2,Yes,Official,"N.J. Exec. Order No. 252 (Aug. 6, 2021)",34003,107878,1775,0.02,0.014,0.053,0.151,0.762,118.6
489,2021-08-12,2,Yes,Official,"N.J. Exec. Order No. 252 (Aug. 6, 2021)",34003,108073,1775,0.02,0.014,0.053,0.151,0.762,129.6
490,2021-08-13,2,Yes,Official,"N.J. Exec. Order No. 252 (Aug. 6, 2021)",34003,108214,1775,0.02,0.014,0.053,0.151,0.762,130.8
491,2021-08-14,2,Yes,Official,"N.J. Exec. Order No. 252 (Aug. 6, 2021)",34003,108434,1775,0.02,0.014,0.053,0.151,0.762,142.5
492,2021-08-15,2,Yes,Official,"N.J. Exec. Order No. 252 (Aug. 6, 2021)",34003,108442,1775,0.02,0.014,0.053,0.151,0.762,130.9
